5489Konstantin;Konstantin;Konstantin;5849;1995,1,1;True
5849Konstantin;Konstantin;Konstantin;5849;1995,1,1;True
5849Konstantin;Konstantin;Konstantin;5850;1995,1,2;True
5849Konstantin;Konstantin;Konstantin;5851;1995,1,3;True
5849Konstantin;Konstantin;Konstantin;5852;1995,1,4;True
5849Konstantin;Konstantin;Konstantin;5853;1995,1,5;True
5849Konstantin;Konstantin;Konstantin;5854;1995,1,6;True
5849Konstantin;Konstantin;Konstantin;5855;1995,1,7;True
5849Konstantin;Konstantin;Konstantin;5856;1995,1,8;True
5849Konstantin;Konstantin;Konstantin;5857;1995,1,9;True
5849Konstantin;Konstantin;Konstantin;5858;1995,1,10;True
5849Konstantin;Konstantin;Konstantin;5859;1995,1,11;True
5489Konstantin;Konstantin;Konstantin;5849;1995,1,1;True
avcKonstantin;Konstantin;Testbirthday;avc;1987,9,27;True
8795ABC New;ABC New;New Last;8795;1997,9,26;False
7895Jonas;Jonas;AHA;7895;1995,8,6;True
Neuer UserNeuer User;Neuer User;Neuer User;Neuer User;2000,9,18;True
aa;a;a;a;1900,1,1;True
gg;g;g;g;1900,1,1;True
4875Birthday;Birthday;Test;4875;1900,9,30;True
